<?xml version="1.0" encoding="UTF-8"?>
<project-private xmlns="http://www.netbeans.org/ns/project-private/1">
    <editor-bookmarks xmlns="http://www.netbeans.org/ns/editor-bookmarks/2" lastBookmarkId="0"/>
    <open-files xmlns="http://www.netbeans.org/ns/projectui-open-files/2">
        <group>
            <file>file:/C:/Users/paulo/OneDrive/Documentos/GitHub/Sistema-Vendas-Bpk/Sistema_Vendas_PaoComOvo-master/src/br/com/sistema/view/FrmEstoque.java</file>
            <file>file:/C:/Users/paulo/OneDrive/Documentos/GitHub/Sistema-Vendas-Bpk/Sistema_Vendas_PaoComOvo-master/src/br/com/sistema/view/FrmProdutos.java</file>
            <file>file:/C:/Users/paulo/OneDrive/Documentos/GitHub/Sistema-Vendas-Bpk/Sistema_Vendas_PaoComOvo-master/src/br/com/sistema/view/FrmFuncionarios.java</file>
            <file>file:/C:/Users/paulo/OneDrive/Documentos/GitHub/Sistema-Vendas-Bpk/Sistema_Vendas_PaoComOvo-master/src/br/com/sistema/view/FrmFornecedores.java</file>
            <file>file:/C:/Users/paulo/OneDrive/Documentos/GitHub/Sistema-Vendas-Bpk/Sistema_Vendas_PaoComOvo-master/src/br/com/sistema/dao/VendasDAO.java</file>
            <file>file:/C:/Users/paulo/OneDrive/Documentos/GitHub/Sistema-Vendas-Bpk/Sistema_Vendas_PaoComOvo-master/src/br/com/sistema/view/FrmPedido.java</file>
        </group>
    </open-files>
</project-private>
